"","Row.names","SES_bl","SES_lec_0","SES_lec_1","SES_lec_2","SES_ori_0","SES_ori_1","SES_nest_1","SES_nest_2","SES_nest_3","SES_nest_4","SES_nest_5","SES_soc_1","SES_soc_2","SES_soc_3","SES_soc_4","SES_bsor","SES_bsim","SES_bsne","SES_falpha","SES_fbsor","SES_fbsim","SES_fbsne","trmt","pland","lpi","enn","site"
"1","47thStGarden",-1.10098938914257,0.100737872052817,-0.926742025061346,1.19483812787926,0.727751372754982,-0.727751372754983,2.72350007079875,-2.03621181446311,-0.933021573842292,-0.193991545834504,-0.728031623972369,0.342169517432967,-0.0693736548046209,0.435762525428354,-0.242372257172567,5.69449929497974,2.98155793680576,-3.05499021029564,-1.10278782900235,4.75926192012901,2.94475693087982,2.97445669585917,"Farm",35.97,1.06,6.133,"47thStGarden"
"2","BluePike",-0.127894264021571,-2.58656976538558,2.141792740139,0.00431000907120495,-1.27613205599135,1.27613205599135,1.53473259590332,-1.82948361914523,1.84182666715221,-0.0826543136685724,-1.57155194864605,1.85315530069115,-2.35514846239378,2.76480526614425,-2.73845558247993,3.41098013425279,0.801758715103276,-0.744515619741359,-0.996991746773262,4.86825680475011,3.82917361475806,2.97641013848504,"Farm",35.84,1.1,5.8704,"BluePike"
"3","BU1",2.4709637367105,-2.29685925391914,3.14304092242237,-1.93252306017548,-2.32027510351602,2.32027510351602,-3.51691717689296,1.03059167797842,3.92719763676589,1.25427643424082,0.473577020211759,1.54301932244302,0.0782834581850523,0.706528480475416,-2.51564318201321,2.76194579554737,0.421050323096393,-0.0349440719804163,-0.414187589634884,4.79137658331209,0.398686241434881,6.22460801141119,"T1",50.76,1.65,5.144,"BU1"
"4","BU8",-1.49846242825303,-1.806661107377,2.49369265395945,-1.49674818392144,-2.82322392949324,2.82322392949324,-3.2548572456966,2.75972629067118,0.981343269539236,0.486978405089571,0.0616033850368481,1.68189681479125,0.515298644363474,-0.777024599264213,-1.2548571148963,3.72208640968989,0.937868754709092,-1.31218832277817,-0.223826244571044,2.83857026590033,1.77876306176675,2.17888046822815,"T8",47.9939,1.6529,5.1078,"BU8"
"5","Buckeye",-1.32639926278389,-2.37860113922357,2.20182628083164,-0.4336267484427,-0.406203690483552,0.40620369048355,1.21668341215958,-1.78729877078304,0.298403668496391,0.0799517615232889,0.470705647675069,1.49387820916896,-1.99396017088419,3.22297892699723,-2.49407011619884,3.39122021635778,1.18580553597841,-1.00532641230891,-1.74863498185132,3.62426066057073,1.5734562720452,3.75631568478565,"Farm",45.44,2.54,5.6355,"Buckeye"
"6","C10",0.798879292148252,-2.01818199385022,1.63287382844993,0.0149597523656185,-0.688304193612772,0.688304193612767,0.585731392753935,-1.75335490940805,1.84938521659548,-0.0675216211137785,0.376244516240778,2.54238356184799,-1.07578107888204,1.77921670094059,-2.25019832007148,3.15812539169139,0.559835498351909,-0.75054313944666,-0.131995251289013,4.10878300061606,2.26201039968185,3.17358505148184,"Control",41.73,1.1,5.9179,"C10"
"7","C11",0.965152445965824,-2.2385955103984,2.86007573790096,-1.5837452472187,-1.72552080583442,1.72552080583442,0.322613771014164,-1.24239490492668,2.59639041411735,-0.198399502654632,-0.748147312968088,2.26105251516089,-1.24943500695369,2.01777184958855,-2.44016793336973,2.27238405901696,-1.27571775647607,0.979275706412934,-0.47792377764228,4.00696026347864,1.09202182675922,3.49364207620466,"Control",46.19,1.16,5.4625,"C11"
"8","C13",1.13451618366643,-0.816783603034121,1.132650514369,-0.698827623369008,-0.665648444535165,0.665648444535161,-0.176214465840057,-0.866266636964699,1.82083462894753,-0.0915500595995357,0.300470670318979,2.56335118516984,-1.11205531465293,0.250299587312602,-1.0857835427407,2.17503116490422,-0.620484530004489,0.585591785125776,0.199082291644987,4.66629901241115,3.03338280632274,3.09939185998279,"Control",47.88,1.23,6.0156,"C13"
"9","C5",-1.80903152719976,-2.50674236241175,2.64294152049371,-0.933865526194785,-0.633402011591163,0.633402011591164,0.140184819314185,-0.55875368279535,0.115139011778751,0.362288778768746,0.40605717220195,1.89731537514066,-1.0013060444247,1.19230253643085,-2.36621294087761,6.3978644165921,-0.80994922590485,0.580897202294602,-1.6870876163435,3.455080607805,0.241098731900081,2.94921695647548,"Control",39,2.36,5.4625,"C5"
"10","C6",-0.998700791717852,-1.34518235090109,2.10919779201725,-1.36839866995243,-1.38657364533337,1.38657364533337,0.033328706499592,-0.268214780396223,-0.76235527983008,-0.0258366424030135,1.28809109470815,0.568655333793565,-0.928347410317972,2.41610106133388,-1.57038817688107,4.24172077564632,1.77825292990143,-1.71364380540326,-1.00297890968009,3.26245022718791,-0.647227954056612,4.83014326994234,"Control",49.3,1.65,4.9172,"C6"
"11","C69",-0.637193320970172,-3.15209849056928,2.87548830245859,-0.524566918524372,-0.671058704298782,0.67105870429878,0.0927809219757539,-0.552940171332281,0.433202580197889,-0.395233081096464,0.808946757716222,2.40778720042773,0.775052412899862,0.758465150543907,-3.41711612112565,4.18007683212433,-0.520110302912541,0.386032326337649,-1.49573796452171,3.42363027266046,1.80459827744855,2.19263659277669,"Control",38.68,1.94,6.4296,"C69"
"12","C7",-0.775632218941767,-2.42974505369006,2.75304650124177,-1.13111414722965,-1.86878800975568,1.86878800975569,-0.51466875041854,-0.39158612561308,1.38033371279789,0.67435420968201,-0.0510283165276265,1.2411290166773,-1.32216181713922,3.65358700787837,-2.64359396755795,3.92246777503306,-0.462641859921843,0.636252124110434,-0.59968821901974,3.13445061383454,-0.062316377377342,3.02104315729039,"Control",49.26,1.65,4.8092,"C7"
"13","C8",-0.351210764882745,-1.60829601162209,2.17955545411673,-1.32862094280169,0.708730676812296,-0.708730676812296,0.81980137998324,-2.55578832693152,2.5031369036187,0.740958315214109,0.240197818825159,2.98112763578895,-4.07871211846361,4.00184528644314,-1.70567760609078,3.66180007181456,-0.0648058527971186,0.407350881536267,-2.53886781008351,6.01417087763965,0.29234907770028,5.57050068128732,"Control",48.07,1.5,5.4713,"C8"
"14","C9",1.27802682716593,-2.61817569984958,2.49358965312692,-0.59876771018645,-0.616997144624986,0.616997144624986,-1.32033262791946,0.626794205949152,2.0165910340326,-0.409253006597117,-0.170286476304434,1.70116342977071,-0.165015792458689,1.50831063080332,-2.88436766167605,4.74330662056418,-0.291978367872881,0.292883877007583,-0.505068476677882,3.65756936338365,0.457322753763013,3.08997340773923,"Control",49.33,1.5,5.5483,"C9"
"15","CE1",-0.290190147464279,-1.87232439361443,2.49823414057912,-1.3921296182053,-2.03178639139174,2.03178639139174,0.411597066209181,-0.0708155933480198,1.00948660113357,-0.842764965298809,-1.11664979912806,0.910667116885767,0.00098748876230897,1.64884868036611,-1.98145822192298,2.85397420394049,-0.173451664358537,0.0904192567552948,-1.03414438052664,2.21066930109847,0.0204987577098,2.17077123319467,"T1",26.34,0.63,7.5233,"CE1"
"16","CE8",0.139258724431819,-1.97135089615367,2.8201669939068,-1.6866156386378,-0.937494235969853,0.937494235969851,-1.66241012870674,0.444990324311122,2.5416254915967,0.332748668759202,-0.205593168778071,0.587225595438674,0.0356785238393474,1.40725729024537,-2.14118004324556,2.29233793128429,-0.356897637141576,0.366799520863694,-0.44054956066927,5.68847731707778,1.19854994840618,5.78544728895944,"T8",26.6432,0.6349,7.467,"CE8"
"17","DS1",1.12258132447227,-1.68510363223259,2.28369737172423,-1.32795541186761,-0.094570844914081,0.0945708449140814,-0.29365343704213,-1.33203831088948,3.57000904519961,-0.773146775552299,0.225109375714278,-0.517322054525545,-1.35818806614802,2.70175184890454,-1.81099393420393,3.40347039147122,-0.48635393827669,0.698500479970855,-1.03947792624835,3.84545265518055,0.733258987808437,3.42357455092499,"T1",40.73,1.42,4.7644,"DS1"
"18","DS8",1.63153266005383,-1.56657642956128,2.13680843626401,-1.30173902314931,-2.68442770225691,2.68442770225691,-1.59470375589709,-0.657701400785484,5.04945345577471,0.743872699222701,-0.938901251193947,1.30061293094829,-1.74179865571563,2.43669725305507,-1.68284088061039,2.72765935945192,-1.37414323737666,1.09050061128751,0.749002436582989,2.78571794385312,-0.84829962533105,2.88615819995393,"T8",39.4449,0.8925,5.6614,"DS8"
"19","Esperanza",0.526428575569214,-2.36002429610755,2.16952167498317,-0.40317929981123,-1.07236974720495,1.07236974720495,-0.198492990792473,-0.287269709983417,1.31474401186206,0.138130188918417,-0.402024423439837,1.65915915559374,-0.561470835729139,1.93264466594009,-2.56479816844441,1.5313298083934,-0.99577315946225,1.25730585725255,-0.735945299759793,3.65490344580751,1.76945993013211,3.53177069672177,"Farm",38.18,1.48,6.2342,"Esperanza"
"20","FA1",-0.0674086712759279,-2.16229122204556,2.83622309326191,-1.71163860510585,-3.54832298556521,3.5483229855652,-2.90435657360944,1.28175177188213,3.5998641789619,0.32398262705465,-0.250285326320814,1.2286525340836,-0.179538371537542,1.91893091763423,-2.30826571743446,2.4094905309384,-0.00499576351373808,-0.271713320463923,0.691055629476954,5.53473072304829,2.6616344324721,5.0281924403417,"T1",41.33,1.71,7.1896,"FA1"
"21","FA8",1.59648841065864,-1.88814327963483,2.64458013121883,-1.56756637100614,-1.17115330291658,1.17115330291658,-2.42118155410499,-0.72102338199808,5.17637262571937,3.12744026979265,-1.1679519001156,3.32687121803329,-2.09079200297978,2.02343544272872,-2.05478388966397,3.33616931399014,0.434051429938961,-0.752748150440857,0.111583640799195,3.15145547737673,-0.483953172944156,3.44682165252322,"T8",43.8432,3.2229,7.3093,"FA8"
"22","Fairfax",0.809939254757368,-1.7795832195389,2.05532412523822,-0.93781919382353,0.274345386160573,-0.274345386160574,0.651159851880848,-1.83946371485225,2.35113019309893,-0.310104323249988,0.0126243754525662,2.04524549476223,-1.92259088505441,1.63339748268356,-2.01352842193048,2.51438851857782,-1.11809414552423,0.902620523243799,-0.932932716897074,3.83493902542212,0.4188496651922,3.66980703965991,"Farm",43.89,3.22,7.2216,"Fairfax"
"23","GL1",-0.440719168917818,-1.02660265755847,1.75415724037446,-1.39056856348494,-1.49824754022194,1.49824754022194,0.186146679522938,0.125162682539633,-1.12966369230608,-0.860837343227667,1.23049472496225,0.19226519046442,0.72561249239966,-0.611146824263034,-1.19567645355443,5.1468983084839,2.30545686332071,-2.18861818120551,-0.865694367978084,1.38582872851743,1.76727023140201,0.679378862550733,"T1",46.37,1.24,5.5467,"GL1"
"24","GL8",0.245939410289381,-1.13123297439125,2.20858448283228,-1.98089036719942,-1.02875403635421,1.02875403635421,-1.29126345741976,-0.362614409620729,3.95034840780149,1.27921840121078,-1.41405996873726,0.762028202235389,-1.55686552247303,2.30011183632232,-1.3693459992784,1.35959611888156,-1.16409967809324,1.44720783606616,-0.026213391909848,3.5156520416059,1.46456641872488,3.49829957113158,"T8",44.7389,3.925,5.7006,"GL8"
"25","HO1",-0.346144664884525,-1.249636551873,2.08733871308299,-1.55902650680379,-1.09742467095475,1.09742467095475,-0.227964730615164,-0.352512674794425,0.880859783239833,1.71093819653863,-1.14007388663379,1.46939161957089,-1.48103656574682,1.33411785203772,-1.42315432195091,2.47966418644838,-0.515959641783074,0.453950463952502,-1.02784423943649,2.55578600125487,1.93226855298857,1.85460511915275,"T1",43.39,0.58,6.7432,"HO1"
"26","HO8",0.903639106680818,-1.63687775304347,2.26911612511778,-1.37603521561017,-4.33469695915485,4.33469695915485,-1.39962350130688,0.423622617525402,2.51095741389264,0.714583381757746,-1.02317182802954,2.17882866836477,-0.354624334557635,0.908470029561454,-1.76141245440436,2.87188069789731,-0.952462432721723,0.71431581817893,0.614801447031286,2.58088825181634,1.82215494886728,1.86093967610815,"T8",48.7262,0.9298,5.7512,"HO8"
"27","LonnieBurten",-0.449566620492311,-0.835046668923788,1.19395188766945,-0.756334287777899,-0.0527780285357067,0.0527780285357086,0.405442242063977,-1.41399471350579,0.939794358815896,0.96502959742255,0.22707155056614,2.45937925567227,-2.42755066525169,1.63884772696005,-1.10474461649595,4.16326608745781,1.5611065441417,-1.59489748225916,-0.46156698836476,3.69277184293675,0.370353826547467,3.93306960298329,"Farm",34.78,3.22,6.9294,"LonnieBurten"
"28","Midtown",1.38477010540206,-2.86124066850243,2.34681171029631,-0.0887704807140632,0.227682860341894,-0.227682860341896,-0.0692595522546525,-0.545407592184989,1.90148169056172,-0.572332321542502,-0.27836625596824,1.53784502963089,-0.737823029046163,2.13577462349598,-3.17433440715278,5.22299138799872,-0.581423015460614,0.0418058826653359,-0.717116877399074,4.14840908551256,-0.00235572942662867,3.71957904222564,"Farm",39.18,0.5,7.1244,"Midtown"
"29","SlavicVillage",0.692334360754692,-1.68263838312027,1.58135471941365,-0.254970874122077,-0.969489731200124,0.969489731200125,0.104236770178226,-1.32802438869228,0.731291860189628,0.829315528027595,1.00564956418063,2.14052663104525,-1.00666514456463,1.26915773752041,-1.92445540045679,3.64762021679036,0.480413702694011,-1.00153303845082,0.645761050517738,5.1965365666258,-0.19650959708703,5.75568600087765,"Farm",38.64,2.31,5.8953,"SlavicVillage"
"30","SV1",-0.191755115945389,-1.24101689557483,2.31447055140311,-1.97776286429862,0.344088793226567,-0.344088793226567,-0.717180485200549,-0.078436486055212,1.21112553352752,0.0269847647026369,0.457906608412771,1.44964387384943,-1.47293699354045,1.24885787749203,-1.46773884687234,4.03627003000588,1.79576111495227,-1.75323439999868,-1.34362799768591,4.29555744202401,2.53709626385133,3.56879699605917,"T1",40.33,2.29,5.9748,"SV1"
"31","SV8",2.17213454793909,-1.61976090643498,2.0772695471072,-1.12055877051651,-0.585904676827645,0.585904676827646,-0.405742500488591,-1.58553105833334,4.20391728524596,0.152557046274355,-0.377816052904225,1.77236736732899,-1.70759944778429,2.57046599881088,-1.8341527818475,0.960064084555914,-1.64528115950436,1.72087086077864,0.0153317464247082,2.96970109427731,1.14558990875348,2.96517319603594,"T8",30.2299,1.1245,7.278,"SV8"
"32","TR1",0.61389356735058,-2.50601040851754,2.35741706469951,-0.566971616067297,-2.17967327565594,2.17967327565595,-0.991570646291406,-0.122696984161187,2.08151957242591,-0.0405288493043315,0.376586396032113,1.91353860086165,-0.280846580443301,0.995062958633814,-2.71970867561975,0.570465609316441,-2.29772172391891,2.44663393665112,0.288822909423533,3.62338535831168,0.709217335413535,4.28714867178245,"T1",30.15,1.81,7.8281,"TR1"
"33","TR8",1.59754255680897,-1.42439338886293,1.7644484425935,-0.907404717586415,-3.73392056253349,3.73392056253349,-2.82723878795447,2.43046327588832,3.44243628661076,-1.0246543173538,-1.30318311599772,-0.309173899430418,1.25445090335913,0.259474006224065,-1.58441168189615,3.87658695458999,1.62669950287159,-2.05128314944894,1.30866676110553,2.12289099846382,-0.956809461708818,3.2819892169684,"T8",40.9278,1.0992,5.9077,"TR8"
