plant,species,time,number,time,neigh,trt
Chicory,Agapostemon.sericeus,LATE.FA.t6,1,LATE,FA,t6
Chicory,Agapostemon.sericeus,LATE.FA.t8,2,LATE,FA,t8
White.Clover,Agapostemon.sericeus,EARLY.GL.t2,1,EARLY,GL,t2
Narrow.leaf.plantain,Agapostemon.texanus,EARLY.CE.t6,1,EARLY,CE,t6
Chicory,Agapostemon.texanus,LATE.FA.t8,1,LATE,FA,t8
Yellow.Sweet.Clover,Agapostemon.texanus,EARLY.GL.t4,1,EARLY,GL,t4
Daisy.Fleabane,Agapostemon.texanus,EARLY.GL.t6,1,EARLY,GL,t6
Narrow.leaf.plantain,Agapostemon.texanus,EARLY.HO.t8,1,EARLY,HO,t8
Unknown.Mint,Agapostemon.texanus,LATE.SV.t8,1,LATE,SV,t8
Chicory,Agapostemon.texanus,EARLY.TR.t6,1,EARLY,TR,t6
Chicory,Agapostemon.virescens,LATE.BU.t1,1,LATE,BU,t1
Chicory,Agapostemon.virescens,LATE.BU.t6,1,LATE,BU,t6
Chicory,Agapostemon.virescens,EARLY.CE.t2,1,EARLY,CE,t2
Chicory,Agapostemon.virescens,EARLY.CE.t4,2,EARLY,CE,t4
Chicory,Agapostemon.virescens,EARLY.CE.t6,1,EARLY,CE,t6
Chicory,Agapostemon.virescens,EARLY.CE.t8,1,EARLY,CE,t8
Brown.Eyed.Susan,Agapostemon.virescens,LATE.CE.t8,1,LATE,CE,t8
Chicory,Agapostemon.virescens,EARLY.DS.t4,1,EARLY,DS,t4
Chicory,Agapostemon.virescens,EARLY.DS.t8,1,EARLY,DS,t8
Burdock,Agapostemon.virescens,LATE.FA.t1,1,LATE,FA,t1
Chicory,Agapostemon.virescens,EARLY.FA.t4,1,EARLY,FA,t4
Chicory,Agapostemon.virescens,EARLY.FA.t8,1,EARLY,FA,t8
Chicory,Agapostemon.virescens,LATE.FA.t8,1,LATE,FA,t8
White.Clover,Agapostemon.virescens,EARLY.GL.t8,1,EARLY,GL,t8
Chicory,Agapostemon.virescens,EARLY.HO.t4,5,EARLY,HO,t4
Yarrow,Agapostemon.virescens,EARLY.HO.t4,1,EARLY,HO,t4
Chicory,Agapostemon.virescens,LATE.HO.t6,1,LATE,HO,t6
Lanceleaf.Coreopsis,Agapostemon.virescens,EARLY.HO.t8,1,EARLY,HO,t8
Chicory,Agapostemon.virescens,EARLY.TR.t2,2,EARLY,TR,t2
Yellow.Sweet.Clover,Andrena.alleghaniensis,EARLY.GL.t4,1,EARLY,GL,t4
White.Clover,Andrena.vicina,EARLY.GL.t6,1,EARLY,GL,t6
Red.Clover,Andrena.wilkella,EARLY.BU.t1,1,EARLY,BU,t1
Red.Clover,Andrena.wilkella,EARLY.BU.t2,1,EARLY,BU,t2
Birdsfoot.trefoil,Andrena.wilkella,EARLY.BU.t6,1,EARLY,BU,t6
White.Sweet.Clover,Andrena.wilkella,EARLY.BU.t6,1,EARLY,BU,t6
Yellow.Sweet.Clover,Andrena.wilkella,EARLY.BU.t6,1,EARLY,BU,t6
White.Clover,Andrena.wilkella,EARLY.CE.t4,1,EARLY,CE,t4
Field.Bindweed,Andrena.wilkella,EARLY.CE.t8,1,EARLY,CE,t8
White.Clover,Andrena.wilkella,EARLY.CE.t8,1,EARLY,CE,t8
White.Clover,Andrena.wilkella,EARLY.DS.t8,1,EARLY,DS,t8
Fleabane,Andrena.wilkella,EARLY.FA.t6,1,EARLY,FA,t6
Red.Clover,Andrena.wilkella,EARLY.FA.t6,1,EARLY,FA,t6
White.Clover,Andrena.wilkella,EARLY.FA.t6,1,EARLY,FA,t6
Red.Clover,Andrena.wilkella,EARLY.FA.t8,2,EARLY,FA,t8
White.Sweet.Clover,Andrena.wilkella,EARLY.GL.t4,1,EARLY,GL,t4
Yellow.Sweet.Clover,Andrena.wilkella,EARLY.GL.t4,1,EARLY,GL,t4
Red.Clover,Andrena.wilkella,EARLY.GL.t6,1,EARLY,GL,t6
Red.Clover,Andrena.wilkella,EARLY.GL.t8,1,EARLY,GL,t8
Red.Clover,Andrena.wilkella,EARLY.HO.t1,3,EARLY,HO,t1
White.Sweet.Clover,Andrena.wilkella,EARLY.HO.t4,1,EARLY,HO,t4
Narrow.leaf.plantain,Andrena.wilkella,EARLY.HO.t8,1,EARLY,HO,t8
Red.Clover,Andrena.wilkella,EARLY.HO.t8,1,EARLY,HO,t8
Birdsfoot.trefoil,Andrena.wilkella,EARLY.SV.t2,1,EARLY,SV,t2
Red.Clover,Andrena.wilkella,EARLY.SV.t6,1,EARLY,SV,t6
Red.Clover,Andrena.wilkella,EARLY.SV.t8,1,EARLY,SV,t8
White.Clover,Andrena.wilkella,EARLY.SV.t8,1,EARLY,SV,t8
Red.Clover,Andrena.wilkella,EARLY.TR.t1,1,EARLY,TR,t1
Red.Clover,Andrena.wilkella,EARLY.TR.t2,1,EARLY,TR,t2
,Andrena.wilkella,EARLY.TR.t4,1,EARLY,TR,t4
Red.Clover,Andrena.wilkella,EARLY.TR.t4,3,EARLY,TR,t4
White.Clover,Andrena.wilkella,EARLY.TR.t6,2,EARLY,TR,t6
White.Sweet.Clover,Andrena.wilkella,EARLY.TR.t6,1,EARLY,TR,t6
White.Sweet.Clover,Andrena.wilkella,EARLY.TR.t8,2,EARLY,TR,t8
Yellow.Sweet.Clover,Andrena.wilkella,EARLY.TR.t8,2,EARLY,TR,t8
Crown.Vetch,Anthidium.manicatum,EARLY.BU.t2,1,EARLY,BU,t2
Red.Clover,Anthidium.manicatum,LATE.CE.t8,1,LATE,CE,t8
Red.Clover,Anthidium.manicatum,LATE.DS.t4,1,LATE,DS,t4
Birdsfoot.trefoil,Anthidium.manicatum,EARLY.FA.t6,1,EARLY,FA,t6
Birdsfoot.trefoil,Anthidium.oblongatum,LATE.BU.t1,1,LATE,BU,t1
Chicory,Anthidium.oblongatum,LATE.BU.t1,3,LATE,BU,t1
Birdsfoot.trefoil,Anthidium.oblongatum,EARLY.BU.t2,2,EARLY,BU,t2
Birdsfoot.trefoil,Anthidium.oblongatum,LATE.BU.t2,2,LATE,BU,t2
Queen.Annes.Lace,Anthidium.oblongatum,LATE.BU.t2,1,LATE,BU,t2
White.Clover,Anthidium.oblongatum,EARLY.BU.t4,1,EARLY,BU,t4
Birdsfoot.trefoil,Anthidium.oblongatum,EARLY.BU.t6,2,EARLY,BU,t6
Birdsfoot.trefoil,Anthidium.oblongatum,EARLY.FA.t1,1,EARLY,FA,t1
Birdsfoot.trefoil,Anthidium.oblongatum,LATE.FA.t1,3,LATE,FA,t1
Birdsfoot.trefoil,Anthidium.oblongatum,EARLY.FA.t4,2,EARLY,FA,t4
Birdsfoot.trefoil,Anthidium.oblongatum,EARLY.FA.t6,1,EARLY,FA,t6
Birdsfoot.trefoil,Anthidium.oblongatum,LATE.FA.t8,1,LATE,FA,t8
Birdsfoot.trefoil,Anthidium.oblongatum,LATE.GL.t6,5,LATE,GL,t6
Birdsfoot.trefoil,Anthidium.oblongatum,EARLY.HO.t2,1,EARLY,HO,t2
White.Sweet.Clover,Anthidium.oblongatum,LATE.HO.t4,1,LATE,HO,t4
Birdsfoot.trefoil,Anthidium.oblongatum,EARLY.SV.t6,1,EARLY,SV,t6
Birdsfoot.trefoil,Anthidium.oblongatum,LATE.SV.t6,2,LATE,SV,t6
Everlasting.Pea,Apis.mellifera,EARLY.BU.t1,1,EARLY,BU,t1
Red.Clover,Apis.mellifera,EARLY.BU.t1,3,EARLY,BU,t1
Chicory,Apis.mellifera,LATE.BU.t1,1,LATE,BU,t1
Chicory,Apis.mellifera,EARLY.BU.t2,2,EARLY,BU,t2
Red.Clover,Apis.mellifera,EARLY.BU.t2,5,EARLY,BU,t2
Narrow.leaf.plantain,Apis.mellifera,EARLY.BU.t4,2,EARLY,BU,t4
Red.Clover,Apis.mellifera,EARLY.BU.t4,6,EARLY,BU,t4
White.Clover,Apis.mellifera,EARLY.BU.t4,1,EARLY,BU,t4
White.Sweet.Clover,Apis.mellifera,EARLY.BU.t6,9,EARLY,BU,t6
Yellow.Sweet.Clover,Apis.mellifera,EARLY.BU.t6,6,EARLY,BU,t6
Bull.Thistle,Apis.mellifera,LATE.BU.t6,2,LATE,BU,t6
Queen.Annes.Lace,Apis.mellifera,EARLY.BU.t8,1,EARLY,BU,t8
Red.Clover,Apis.mellifera,EARLY.BU.t8,1,EARLY,BU,t8
Red.Clover,Apis.mellifera,EARLY.CE.t4,1,EARLY,CE,t4
Chicory,Apis.mellifera,EARLY.CE.t6,1,EARLY,CE,t6
White.Sweet.Clover,Apis.mellifera,EARLY.CE.t6,4,EARLY,CE,t6
Red.Clover,Apis.mellifera,EARLY.DS.t1,1,EARLY,DS,t1
Canadian.Thistle,Apis.mellifera,EARLY.DS.t4,5,EARLY,DS,t4
Narrow.leaf.plantain,Apis.mellifera,EARLY.DS.t4,8,EARLY,DS,t4
Red.Clover,Apis.mellifera,EARLY.DS.t4,2,EARLY,DS,t4
White.Clover,Apis.mellifera,EARLY.DS.t4,5,EARLY,DS,t4
Canadian.Thistle,Apis.mellifera,LATE.DS.t4,1,LATE,DS,t4
Red.Clover,Apis.mellifera,LATE.DS.t4,1,LATE,DS,t4
Canadian.Thistle,Apis.mellifera,EARLY.DS.t6,2,EARLY,DS,t6
Red.Clover,Apis.mellifera,EARLY.DS.t6,2,EARLY,DS,t6
Narrow.leaf.plantain,Apis.mellifera,EARLY.DS.t8,1,EARLY,DS,t8
Red.Clover,Apis.mellifera,EARLY.DS.t8,3,EARLY,DS,t8
White.Clover,Apis.mellifera,EARLY.DS.t8,2,EARLY,DS,t8
Narrow.leaf.plantain,Apis.mellifera,EARLY.FA.t1,1,EARLY,FA,t1
Red.Clover,Apis.mellifera,EARLY.FA.t1,4,EARLY,FA,t1
Chicory,Apis.mellifera,EARLY.FA.t6,1,EARLY,FA,t6
Red.Clover,Apis.mellifera,EARLY.FA.t6,4,EARLY,FA,t6
Narrow.leaf.plantain,Apis.mellifera,EARLY.FA.t8,2,EARLY,FA,t8
White.Sweet.Clover,Apis.mellifera,EARLY.GL.t4,1,EARLY,GL,t4
Alsike.Clover,Apis.mellifera,EARLY.GL.t6,4,EARLY,GL,t6
Red.Clover,Apis.mellifera,EARLY.GL.t6,1,EARLY,GL,t6
White.Clover,Apis.mellifera,EARLY.GL.t6,2,EARLY,GL,t6
Red.Clover,Apis.mellifera,EARLY.GL.t8,1,EARLY,GL,t8
White.Clover,Apis.mellifera,EARLY.GL.t8,1,EARLY,GL,t8
Red.Clover,Apis.mellifera,EARLY.HO.t4,2,EARLY,HO,t4
Red.Clover,Apis.mellifera,EARLY.HO.t8,1,EARLY,HO,t8
White.Clover,Apis.mellifera,EARLY.HO.t8,3,EARLY,HO,t8
Narrow.leaf.plantain,Apis.mellifera,LATE.HO.t8,1,LATE,HO,t8
Queen.Annes.Lace,Apis.mellifera,LATE.HO.t8,9,LATE,HO,t8
Narrow.leaf.plantain,Apis.mellifera,LATE.SV.t4,1,LATE,SV,t4
Chicory,Apis.mellifera,EARLY.SV.t6,1,EARLY,SV,t6
Narrow.leaf.plantain,Apis.mellifera,EARLY.SV.t6,1,EARLY,SV,t6
White.Clover,Apis.mellifera,EARLY.SV.t6,1,EARLY,SV,t6
Red.Clover,Apis.mellifera,EARLY.TR.t1,2,EARLY,TR,t1
Chicory,Apis.mellifera,EARLY.TR.t2,2,EARLY,TR,t2
Red.Clover,Apis.mellifera,EARLY.TR.t4,5,EARLY,TR,t4
Red.Clover,Apis.mellifera,EARLY.TR.t6,1,EARLY,TR,t6
White.Clover,Apis.mellifera,EARLY.TR.t6,2,EARLY,TR,t6
Canadian.Thistle,Apis.mellifera,EARLY.TR.t8,3,EARLY,TR,t8
Chicory,Apis.mellifera,EARLY.TR.t8,2,EARLY,TR,t8
Red.Clover,Apis.mellifera,EARLY.TR.t8,5,EARLY,TR,t8
Thistle,Apis.mellifera,EARLY.TR.t8,2,EARLY,TR,t8
Narrow.leaf.plantain,Augochlora.pura,LATE.BU.t1,1,LATE,BU,t1
Field.Bindweed,Augochlora.pura,EARLY.CE.t8,1,EARLY,CE,t8
Bindweed,Augochlora.pura,LATE.CE.t8,1,LATE,CE,t8
Fleabane,Augochlora.pura,EARLY.FA.t6,1,EARLY,FA,t6
Red.Clover,Bombus.bimaculatus,EARLY.BU.t1,1,EARLY,BU,t1
Red.Clover,Bombus.bimaculatus,EARLY.BU.t4,1,EARLY,BU,t4
Chicory,Bombus.bimaculatus,EARLY.CE.t2,1,EARLY,CE,t2
Chicory,Bombus.bimaculatus,EARLY.CE.t4,1,EARLY,CE,t4
Chicory,Bombus.bimaculatus,EARLY.CE.t8,1,EARLY,CE,t8
Canadian.Thistle,Bombus.bimaculatus,EARLY.DS.t6,1,EARLY,DS,t6
Narrow.leaf.plantain,Bombus.bimaculatus,EARLY.DS.t8,1,EARLY,DS,t8
Queen.Annes.Lace,Bombus.bimaculatus,EARLY.FA.t1,1,EARLY,FA,t1
Chicory,Bombus.bimaculatus,EARLY.FA.t8,1,EARLY,FA,t8
Red.Clover,Bombus.bimaculatus,EARLY.GL.t6,2,EARLY,GL,t6
Narrow.leaf.plantain,Bombus.bimaculatus,EARLY.GL.t8,1,EARLY,GL,t8
Red.Clover,Bombus.bimaculatus,EARLY.GL.t8,1,EARLY,GL,t8
Red.Clover,Bombus.bimaculatus,EARLY.SV.t8,1,EARLY,SV,t8
Red.Clover,Bombus.bimaculatus,EARLY.TR.t1,1,EARLY,TR,t1
Hollyhocks,Bombus.bimaculatus,EARLY.TR.t6,1,EARLY,TR,t6
Red.Clover,Bombus.fervidus,EARLY.CE.t4,1,EARLY,CE,t4
Red.Clover,Bombus.fervidus,LATE.DS.t8,2,LATE,DS,t8
Red.Clover,Bombus.fervidus,EARLY.FA.t6,1,EARLY,FA,t6
Red.Clover,Bombus.fervidus,EARLY.HO.t1,1,EARLY,HO,t1
Red.Clover,Bombus.fervidus,LATE.HO.t4,5,LATE,HO,t4
Red.Clover,Bombus.fervidus,EARLY.TR.t1,2,EARLY,TR,t1
Red.Clover,Bombus.griseocollis,EARLY.BU.t4,1,EARLY,BU,t4
White.Clover,Bombus.griseocollis,EARLY.BU.t4,1,EARLY,BU,t4
Chicory,Bombus.griseocollis,EARLY.CE.t2,1,EARLY,CE,t2
Common.Milkweed,Bombus.griseocollis,EARLY.CE.t2,1,EARLY,CE,t2
Red.Clover,Bombus.griseocollis,EARLY.CE.t4,1,EARLY,CE,t4
White.Sweet.Clover,Bombus.griseocollis,EARLY.CE.t6,2,EARLY,CE,t6
Chicory,Bombus.griseocollis,EARLY.CE.t8,3,EARLY,CE,t8
Queen.Annes.Lace,Bombus.griseocollis,EARLY.CE.t8,1,EARLY,CE,t8
Canadian.Thistle,Bombus.griseocollis,EARLY.DS.t4,3,EARLY,DS,t4
Red.Clover,Bombus.griseocollis,EARLY.DS.t4,1,EARLY,DS,t4
White.Clover,Bombus.griseocollis,EARLY.DS.t8,1,EARLY,DS,t8
Red.Clover,Bombus.griseocollis,EARLY.FA.t6,1,EARLY,FA,t6
Red.Clover,Bombus.griseocollis,EARLY.GL.t4,1,EARLY,GL,t4
Red.Clover,Bombus.griseocollis,LATE.GL.t4,4,LATE,GL,t4
Red.Clover,Bombus.griseocollis,EARLY.GL.t6,2,EARLY,GL,t6
Red.Clover,Bombus.griseocollis,EARLY.GL.t8,1,EARLY,GL,t8
White.Clover,Bombus.griseocollis,EARLY.GL.t8,1,EARLY,GL,t8
Red.Clover,Bombus.griseocollis,EARLY.HO.t4,2,EARLY,HO,t4
Common.Milkweed,Bombus.griseocollis,EARLY.HO.t6,1,EARLY,HO,t6
Queen.Annes.Lace,Bombus.griseocollis,EARLY.HO.t8,1,EARLY,HO,t8
Red.Clover,Bombus.griseocollis,EARLY.HO.t8,1,EARLY,HO,t8
White.Clover,Bombus.griseocollis,EARLY.HO.t8,1,EARLY,HO,t8
Grey.Headed.Coneflower,Bombus.griseocollis,LATE.HO.t8,2,LATE,HO,t8
Common.Milkweed,Bombus.griseocollis,EARLY.SV.t8,1,EARLY,SV,t8
Red.Clover,Bombus.griseocollis,EARLY.TR.t1,1,EARLY,TR,t1
White.Clover,Bombus.griseocollis,EARLY.TR.t4,1,EARLY,TR,t4
Queen.Annes.Lace,Bombus.griseocollis,EARLY.TR.t6,3,EARLY,TR,t6
Red.Clover,Bombus.griseocollis,EARLY.TR.t6,2,EARLY,TR,t6
Queen.Annes.Lace,Bombus.griseocollis,EARLY.TR.t8,1,EARLY,TR,t8
Red.Clover,Bombus.impatiens,EARLY.BU.t1,2,EARLY,BU,t1
Red.Clover,Bombus.impatiens,EARLY.BU.t4,1,EARLY,BU,t4
Red.Clover,Bombus.impatiens,EARLY.FA.t4,1,EARLY,FA,t4
Narrow.leaf.plantain,Bombus.impatiens,EARLY.GL.t4,1,EARLY,GL,t4
Red.Clover,Bombus.impatiens,EARLY.GL.t4,1,EARLY,GL,t4
Red.Clover,Bombus.impatiens,LATE.GL.t4,1,LATE,GL,t4
Chicory,Bombus.impatiens,LATE.HO.t4,1,LATE,HO,t4
Red.Clover,Bombus.impatiens,EARLY.HO.t6,1,EARLY,HO,t6
Chicory,Bombus.impatiens,LATE.HO.t8,1,LATE,HO,t8
Horsenettle,Bombus.impatiens,EARLY.SV.t4,3,EARLY,SV,t4
Narrow.leaf.plantain,Bombus.impatiens,LATE.SV.t4,2,LATE,SV,t4
Red.Clover,Bombus.impatiens,LATE.SV.t4,1,LATE,SV,t4
Unknown.Aster,Bombus.impatiens,LATE.SV.t6,1,LATE,SV,t6
Red.Clover,Bombus.vagans,LATE.HO.t4,1,LATE,HO,t4
Bindweed,Calliopsis.andreniformis,LATE.CE.t8,1,LATE,CE,t8
White.Clover,Calliopsis.andreniformis,EARLY.FA.t4,2,EARLY,FA,t4
White.Clover,Ceratina.calcarata,EARLY.BU.t1,1,EARLY,BU,t1
Chicory,Ceratina.calcarata,LATE.BU.t1,2,LATE,BU,t1
Canadian.Thistle,Ceratina.calcarata,EARLY.BU.t4,1,EARLY,BU,t4
Bull.Thistle,Ceratina.calcarata,LATE.BU.t6,1,LATE,BU,t6
Chicory,Ceratina.calcarata,LATE.BU.t6,3,LATE,BU,t6
Black.eyed.Susan,Ceratina.calcarata,EARLY.BU.t8,2,EARLY,BU,t8
Chicory,Ceratina.calcarata,EARLY.BU.t8,3,EARLY,BU,t8
Crown.Vetch,Ceratina.calcarata,EARLY.BU.t8,1,EARLY,BU,t8
Fleabane,Ceratina.calcarata,EARLY.BU.t8,3,EARLY,BU,t8
Queen.Annes.Lace,Ceratina.calcarata,EARLY.BU.t8,1,EARLY,BU,t8
White.Sweet.Clover,Ceratina.calcarata,EARLY.BU.t8,1,EARLY,BU,t8
Chicory,Ceratina.calcarata,LATE.BU.t8,13,LATE,BU,t8
Field.Bindweed,Ceratina.calcarata,EARLY.CE.t8,1,EARLY,CE,t8
White.Clover,Ceratina.calcarata,EARLY.CE.t8,1,EARLY,CE,t8
Bindweed,Ceratina.calcarata,LATE.CE.t8,2,LATE,CE,t8
Thistle,Ceratina.calcarata,EARLY.DS.t4,7,EARLY,DS,t4
White.Clover,Ceratina.calcarata,EARLY.DS.t4,1,EARLY,DS,t4
Canadian.Thistle,Ceratina.calcarata,LATE.DS.t4,1,LATE,DS,t4
Real.Daisy,Ceratina.calcarata,EARLY.DS.t6,1,EARLY,DS,t6
White.Clover,Ceratina.calcarata,EARLY.DS.t8,1,EARLY,DS,t8
Chicory,Ceratina.calcarata,EARLY.FA.t4,1,EARLY,FA,t4
Unknown.Aster,Ceratina.calcarata,LATE.FA.t6,1,LATE,FA,t6
Chicory,Ceratina.calcarata,LATE.FA.t8,1,LATE,FA,t8
White.Clover,Ceratina.calcarata,EARLY.GL.t6,1,EARLY,GL,t6
Yellow.Sweet.Clover,Ceratina.calcarata,EARLY.GL.t6,3,EARLY,GL,t6
Fleabane,Ceratina.calcarata,EARLY.GL.t8,2,EARLY,GL,t8
Lanceleaf.Coreopsis,Ceratina.calcarata,EARLY.GL.t8,1,EARLY,GL,t8
Chicory,Ceratina.calcarata,EARLY.HO.t4,2,EARLY,HO,t4
Chicory,Ceratina.calcarata,LATE.HO.t4,1,LATE,HO,t4
Black.eyed.Susan,Ceratina.calcarata,EARLY.HO.t6,1,EARLY,HO,t6
Chicory,Ceratina.calcarata,EARLY.HO.t6,1,EARLY,HO,t6
Hairy.Cats.Ear,Ceratina.calcarata,EARLY.HO.t6,2,EARLY,HO,t6
Chicory,Ceratina.calcarata,LATE.HO.t6,4,LATE,HO,t6
Fleabane,Ceratina.calcarata,EARLY.HO.t8,1,EARLY,HO,t8
Blue.Vervain,Ceratina.calcarata,LATE.HO.t8,2,LATE,HO,t8
Chicory,Ceratina.calcarata,LATE.HO.t8,7,LATE,HO,t8
Lanceleaf.Coreopsis,Ceratina.calcarata,LATE.HO.t8,2,LATE,HO,t8
Chicory,Ceratina.calcarata,EARLY.SV.t2,3,EARLY,SV,t2
Ground.Ivy,Ceratina.calcarata,EARLY.SV.t2,2,EARLY,SV,t2
Alsike.Clover,Ceratina.calcarata,EARLY.SV.t6,2,EARLY,SV,t6
Chicory,Ceratina.calcarata,EARLY.SV.t6,1,EARLY,SV,t6
Fleabane,Ceratina.calcarata,EARLY.SV.t6,1,EARLY,SV,t6
White.Clover,Ceratina.calcarata,EARLY.SV.t6,2,EARLY,SV,t6
Black.eyed.Susan,Ceratina.calcarata,EARLY.SV.t8,1,EARLY,SV,t8
Other.Bindweed,Ceratina.calcarata,EARLY.TR.t1,1,EARLY,TR,t1
Grey.Headed.Coneflower,Coelioxys.alternata,EARLY.HO.t6,1,EARLY,HO,t6
Narrow.leaf.plantain,Halictus.confusus,LATE.DS.t8,1,LATE,DS,t8
Red.Clover,Halictus.confusus,EARLY.TR.t1,1,EARLY,TR,t1
Lanceleaf.Coreopsis,Halictus.ligatus,EARLY.CE.t8,1,EARLY,CE,t8
Brown.Eyed.Susan,Halictus.ligatus,LATE.CE.t8,2,LATE,CE,t8
Yarrow,Halictus.ligatus,LATE.DS.t4,1,LATE,DS,t4
Real.Daisy,Halictus.ligatus,EARLY.DS.t6,1,EARLY,DS,t6
Yarrow,Halictus.ligatus,EARLY.DS.t6,1,EARLY,DS,t6
Chicory,Halictus.ligatus,LATE.FA.t6,1,LATE,FA,t6
Chicory,Halictus.ligatus,LATE.HO.t4,1,LATE,HO,t4
Grey.Headed.Coneflower,Halictus.ligatus,LATE.HO.t6,1,LATE,HO,t6
Grey.Headed.Coneflower,Halictus.ligatus,LATE.HO.t8,3,LATE,HO,t8
Lanceleaf.Coreopsis,Halictus.ligatus,LATE.HO.t8,1,LATE,HO,t8
Chicory,Halictus.ligatus,EARLY.SV.t8,1,EARLY,SV,t8
Lanceleaf.Coreopsis,Halictus.ligatus,EARLY.SV.t8,1,EARLY,SV,t8
Unknown.Aster,Halictus.ligatus,LATE.SV.t8,2,LATE,SV,t8
Chicory,Halictus.rubicundus,EARLY.HO.t2,1,EARLY,HO,t2
Chicory,Halictus.spp.,EARLY.BU.t1,1,EARLY,BU,t1
Unknown.Aster,Halictus.spp.,LATE.DS.t8,1,LATE,DS,t8
Black.eyed.Susan,Halictus.spp.,EARLY.GL.t6,1,EARLY,GL,t6
Grey.Headed.Coneflower,Halictus.spp.,EARLY.TR.t8,1,EARLY,TR,t8
White.Clover,Heriades.carinata,EARLY.BU.t2,1,EARLY,BU,t2
Thistle,Heriades.carinata,EARLY.DS.t4,1,EARLY,DS,t4
Yellow.Sweet.Clover,Heriades.carinata,EARLY.GL.t6,1,EARLY,GL,t6
Common.Milkweed,Heriades.carinata,EARLY.HO.t6,1,EARLY,HO,t6
Common.Milkweed,Heriades.carinata,EARLY.SV.t8,1,EARLY,SV,t8
White.Sweet.Clover,Heriades.carinata,EARLY.TR.t6,1,EARLY,TR,t6
Common.Milkweed,Hylaeus.affinis,EARLY.HO.t6,1,EARLY,HO,t6
Queen.Annes.Lace,Hylaeus.affinis.modestus,EARLY.BU.t8,5,EARLY,BU,t8
Queen.Annes.Lace,Hylaeus.affinis.modestus,EARLY.CE.t2,1,EARLY,CE,t2
Queen.Annes.Lace,Hylaeus.affinis.modestus,EARLY.CE.t6,1,EARLY,CE,t6
Queen.Annes.Lace,Hylaeus.affinis.modestus,LATE.CE.t8,1,LATE,CE,t8
Queen.Annes.Lace,Hylaeus.affinis.modestus,EARLY.FA.t6,1,EARLY,FA,t6
Queen.Annes.Lace,Hylaeus.affinis.modestus,LATE.FA.t6,2,LATE,FA,t6
Queen.Annes.Lace,Hylaeus.affinis.modestus,LATE.FA.t8,4,LATE,FA,t8
Queen.Annes.Lace,Hylaeus.affinis.modestus,EARLY.GL.t6,1,EARLY,GL,t6
Queen.Annes.Lace,Hylaeus.affinis.modestus,EARLY.SV.t6,1,EARLY,SV,t6
Queen.Annes.Lace,Hylaeus.affinis.modestus,EARLY.TR.t6,5,EARLY,TR,t6
Canadian.Thistle,Hylaeus.affinis.modestus,EARLY.TR.t8,1,EARLY,TR,t8
Queen.Annes.Lace,Hylaeus.affinis.modestus,EARLY.TR.t8,3,EARLY,TR,t8
Queen.Annes.Lace,Hylaeus.fedorica,EARLY.BU.t8,3,EARLY,BU,t8
White.Sweet.Clover,Hylaeus.hyalinatus,EARLY.BU.t6,4,EARLY,BU,t6
Queen.Annes.Lace,Hylaeus.hyalinatus,EARLY.BU.t8,6,EARLY,BU,t8
White.Sweet.Clover,Hylaeus.hyalinatus,EARLY.BU.t8,1,EARLY,BU,t8
Queen.Annes.Lace,Hylaeus.hyalinatus,LATE.BU.t8,2,LATE,BU,t8
Queen.Annes.Lace,Hylaeus.hyalinatus,EARLY.FA.t1,1,EARLY,FA,t1
Queen.Annes.Lace,Hylaeus.hyalinatus,EARLY.FA.t6,1,EARLY,FA,t6
Birdsfoot.trefoil,Hylaeus.hyalinatus,EARLY.GL.t4,1,EARLY,GL,t4
Yellow.Sweet.Clover,Hylaeus.hyalinatus,EARLY.GL.t6,2,EARLY,GL,t6
Common.Milkweed,Hylaeus.hyalinatus,EARLY.HO.t6,1,EARLY,HO,t6
Queen.Annes.Lace,Hylaeus.hyalinatus,EARLY.HO.t8,1,EARLY,HO,t8
Queen.Annes.Lace,Hylaeus.hyalinatus,EARLY.TR.t6,4,EARLY,TR,t6
Queen.Annes.Lace,Hylaeus.hyalinatus,LATE.TR.t6,1,LATE,TR,t6
Queen.Annes.Lace,Hylaeus.hyalinatus,EARLY.TR.t8,3,EARLY,TR,t8
Queen.Annes.Lace,Hylaeus.mesillae,LATE.BU.t6,1,LATE,BU,t6
Queen.Annes.Lace,Hylaeus.mesillae,EARLY.BU.t8,5,EARLY,BU,t8
Lanceleaf.Coreopsis,Hylaeus.mesillae,EARLY.CE.t8,1,EARLY,CE,t8
Queen.Annes.Lace,Hylaeus.mesillae,EARLY.CE.t8,1,EARLY,CE,t8
Queen.Annes.Lace,Hylaeus.mesillae,EARLY.FA.t1,1,EARLY,FA,t1
Queen.Annes.Lace,Hylaeus.mesillae,EARLY.GL.t4,1,EARLY,GL,t4
Common.Milkweed,Hylaeus.mesillae,EARLY.HO.t6,1,EARLY,HO,t6
Queen.Annes.Lace,Hylaeus.mesillae,EARLY.TR.t6,1,EARLY,TR,t6
Queen.Annes.Lace,Hylaeus.mesillae,EARLY.TR.t8,3,EARLY,TR,t8
Queen.Annes.Lace,Hylaeus.modestus,EARLY.BU.t6,3,EARLY,BU,t6
Queen.Annes.Lace,Hylaeus.modestus,LATE.BU.t6,1,LATE,BU,t6
Queen.Annes.Lace,Hylaeus.modestus,EARLY.BU.t8,3,EARLY,BU,t8
Queen.Annes.Lace,Hylaeus.modestus,EARLY.CE.t8,1,EARLY,CE,t8
Queen.Annes.Lace,Hylaeus.modestus,LATE.DS.t6,1,LATE,DS,t6
Queen.Annes.Lace,Hylaeus.modestus,LATE.FA.t8,3,LATE,FA,t8
Queen.Annes.Lace,Hylaeus.modestus,LATE.HO.t6,1,LATE,HO,t6
Queen.Annes.Lace,Hylaeus.modestus,EARLY.TR.t8,1,EARLY,TR,t8
White.Sweet.Clover,Hylaeus.spp.,EARLY.BU.t6,1,EARLY,BU,t6
White.Sweet.Clover,Hylaues.leptocephalus,EARLY.BU.t6,2,EARLY,BU,t6
White.Sweet.Clover,Hylaues.leptocephalus,EARLY.TR.t8,1,EARLY,TR,t8
Fleabane,Hylaues.pictipes,EARLY.BU.t6,1,EARLY,BU,t6
Yellow.Sweet.Clover,Hylaues.pictipes,EARLY.BU.t6,1,EARLY,BU,t6
Queen.Annes.Lace,Hylaues.pictipes,LATE.BU.t8,2,LATE,BU,t8
Yarrow,Hylaues.pictipes,LATE.DS.t4,1,LATE,DS,t4
Queen.Annes.Lace,Hylaues.pictipes,EARLY.FA.t1,1,EARLY,FA,t1
Queen.Annes.Lace,Hylaues.pictipes,LATE.FA.t6,1,LATE,FA,t6
White.Clover,Hylaues.pictipes,EARLY.GL.t6,1,EARLY,GL,t6
Yellow.Sweet.Clover,Hylaues.pictipes,EARLY.GL.t6,2,EARLY,GL,t6
Queen.Annes.Lace,Hylaues.pictipes,LATE.HO.t6,1,LATE,HO,t6
Queen.Annes.Lace,Hylaues.pictipes,EARLY.HO.t8,2,EARLY,HO,t8
Queen.Annes.Lace,Hylaues.pictipes,EARLY.TR.t6,5,EARLY,TR,t6
White.Sweet.Clover,Hylaues.pictipes,EARLY.TR.t6,1,EARLY,TR,t6
Queen.Annes.Lace,Hylaues.pictipes,EARLY.TR.t8,1,EARLY,TR,t8
Field.Bindweed,Lasioglossum.Dialictus.ephialtum,EARLY.DS.t1,1,EARLY,DS,t1
Chicory,Lasioglossum.Dialictus.ephialtum,EARLY.FA.t8,1,EARLY,FA,t8
Birdsfoot.trefoil,Lasioglossum.Dialictus.ephialtum,EARLY.GL.t8,1,EARLY,GL,t8
Narrow.leaf.plantain,Lasioglossum.Dialictus.illinoense,EARLY.FA.t8,1,EARLY,FA,t8
Queen.Annes.Lace,Lasioglossum.Dialictus.imitatum,LATE.BU.t8,1,LATE,BU,t8
Fleabane,Lasioglossum.Dialictus.imitatum,EARLY.CE.t8,1,EARLY,CE,t8
Chicory,Lasioglossum.Dialictus.imitatum,EARLY.SV.t6,1,EARLY,SV,t6
Fleabane,Lasioglossum.Dialictus.imitatum,EARLY.SV.t6,1,EARLY,SV,t6
Narrow.leaf.plantain,Lasioglossum.Dialictus.imitatum,EARLY.SV.t8,1,EARLY,SV,t8
Narrow.leaf.plantain,Lasioglossum.Dialictus.imitatum,EARLY.TR.t4,1,EARLY,TR,t4
Queen.Annes.Lace,Lasioglossum.Dialictus.imitatum,EARLY.TR.t6,1,EARLY,TR,t6
Queen.Annes.Lace,Lasioglossum.Dialictus.lineatulum,EARLY.CE.t6,1,EARLY,CE,t6
Fleabane,Lasioglossum.Dialictus.lionotum,EARLY.BU.t2,1,EARLY,BU,t2
Chicory,Lasioglossum.Dialictus.pilosum,LATE.CE.t8,1,LATE,CE,t8
Hairy.Cats.Ear,Lasioglossum.Dialictus.pilosum,EARLY.FA.t4,1,EARLY,FA,t4
Yellow.Sweet.Clover,Lasioglossum.Dialictus.pilosum,EARLY.GL.t6,1,EARLY,GL,t6
Narrow.leaf.plantain,Lasioglossum.Dialictus.pilosum,EARLY.HO.t1,1,EARLY,HO,t1
Chicory,Lasioglossum.Dialictus.pilosum,EARLY.SV.t8,1,EARLY,SV,t8
Grey.Headed.Coneflower,Lasioglossum.Dialictus.spp.,LATE.BU.t6,2,LATE,BU,t6
Black.eyed.Susan,Lasioglossum.Dialictus.spp.,EARLY.BU.t8,1,EARLY,BU,t8
Chicory,Lasioglossum.Dialictus.spp.,LATE.BU.t8,1,LATE,BU,t8
Chicory,Lasioglossum.Dialictus.spp.,EARLY.CE.t2,1,EARLY,CE,t2
Grey.Headed.Coneflower,Lasioglossum.Dialictus.spp.,LATE.CE.t8,1,LATE,CE,t8
Grey.Headed.Coneflower,Lasioglossum.Dialictus.spp.,LATE.DS.t6,1,LATE,DS,t6
Grey.Headed.Coneflower,Lasioglossum.Dialictus.spp.,LATE.GL.t6,3,LATE,GL,t6
Grey.Headed.Coneflower,Lasioglossum.Dialictus.spp.,LATE.HO.t8,1,LATE,HO,t8
Daisy.Fleabane,Lasioglossum.Dialuctus.imitatum,EARLY.GL.t2,1,EARLY,GL,t2
Fleabane,Lasioglossum.Hemihalictus.pectorale,EARLY.CE.t8,1,EARLY,CE,t8
Chicory,Lasioglossum.Hemihalictus.pectorale,EARLY.SV.t8,2,EARLY,SV,t8
Grey.Headed.Coneflower,Lasioglossum.Hemihalictus.pectorale,EARLY.SV.t8,1,EARLY,SV,t8
Black.eyed.Susan,Lasioglossum.Hemihalictus.pectorale,EARLY.TR.t6,1,EARLY,TR,t6
Everlasting.Pea,Megachile.addenda,EARLY.SV.t4,1,EARLY,SV,t4
Alsike.Clover,Megachile.brevis,EARLY.GL.t6,1,EARLY,GL,t6
Everlasting.Pea,Megachile.campanulae,EARLY.BU.t1,2,EARLY,BU,t1
Everlasting.Pea,Megachile.campanulae,EARLY.BU.t2,2,EARLY,BU,t2
Queen.Annes.Lace,Megachile.campanulae,LATE.BU.t2,1,LATE,BU,t2
Everlasting.Pea,Megachile.centuncularis,EARLY.BU.t1,1,EARLY,BU,t1
Bull.Thistle,Megachile.centuncularis,LATE.BU.t6,1,LATE,BU,t6
Crown.Vetch,Megachile.centuncularis,EARLY.CE.t6,3,EARLY,CE,t6
Chicory,Megachile.centuncularis,EARLY.CE.t8,1,EARLY,CE,t8
Bindweed,Megachile.centuncularis,LATE.CE.t8,1,LATE,CE,t8
Canadian.Thistle,Megachile.centuncularis,LATE.DS.t4,1,LATE,DS,t4
Burdock,Megachile.centuncularis,LATE.FA.t1,4,LATE,FA,t1
Birdsfoot.trefoil,Megachile.centuncularis,EARLY.GL.t6,2,EARLY,GL,t6
Blue.Vervain,Megachile.centuncularis,LATE.HO.t8,1,LATE,HO,t8
Crown.Vetch,Megachile.centuncularis,EARLY.SV.t6,1,EARLY,SV,t6
Chicory,Megachile.centuncularis,EARLY.TR.t6,1,EARLY,TR,t6
Everlasting.Pea,Megachile.frigida,EARLY.BU.t1,2,EARLY,BU,t1
Birdsfoot.trefoil,Megachile.frigida,EARLY.BU.t2,2,EARLY,BU,t2
Everlasting.Pea,Megachile.frigida,EARLY.BU.t2,1,EARLY,BU,t2
White.Clover,Megachile.frigida,EARLY.DS.t1,1,EARLY,DS,t1
Birdsfoot.trefoil,Megachile.frigida,EARLY.SV.t6,1,EARLY,SV,t6
White.Clover,Megachile.frigida,EARLY.TR.t4,1,EARLY,TR,t4
Thistle,Megachile.frigida,EARLY.TR.t8,1,EARLY,TR,t8
Chicory,Megachile.mendica,LATE.BU.t1,1,LATE,BU,t1
Queen.Annes.Lace,Megachile.mendica,LATE.BU.t8,1,LATE,BU,t8
Grey.Headed.Coneflower,Megachile.mendica,LATE.FA.t6,1,LATE,FA,t6
Chicory,Megachile.mendica,LATE.FA.t8,1,LATE,FA,t8
Red.Clover,Megachile.mendica,EARLY.HO.t1,1,EARLY,HO,t1
Canadian.Thistle,Megachile.mendica,EARLY.TR.t8,1,EARLY,TR,t8
Yellow.Sweet.Clover,Megachile.mucida,EARLY.BU.t6,1,EARLY,BU,t6
Crown.Vetch,Megachile.rotundata,EARLY.BU.t2,1,EARLY,BU,t2
Birdsfoot.trefoil,Megachile.rotundata,EARLY.BU.t4,2,EARLY,BU,t4
Birdsfoot.trefoil,Megachile.rotundata,EARLY.BU.t6,1,EARLY,BU,t6
White.Sweet.Clover,Megachile.rotundata,EARLY.BU.t6,1,EARLY,BU,t6
Crown.Vetch,Megachile.rotundata,EARLY.BU.t8,1,EARLY,BU,t8
Red.Clover,Megachile.rotundata,EARLY.BU.t8,1,EARLY,BU,t8
White.Sweet.Clover,Megachile.rotundata,EARLY.BU.t8,2,EARLY,BU,t8
Chicory,Megachile.rotundata,LATE.BU.t8,1,LATE,BU,t8
Chicory,Megachile.rotundata,EARLY.CE.t4,1,EARLY,CE,t4
Birdsfoot.trefoil,Megachile.rotundata,LATE.FA.t1,1,LATE,FA,t1
Chicory,Megachile.rotundata,EARLY.FA.t4,1,EARLY,FA,t4
Birdsfoot.trefoil,Megachile.rotundata,EARLY.FA.t6,4,EARLY,FA,t6
Yellow.Sweet.Clover,Megachile.rotundata,EARLY.GL.t6,2,EARLY,GL,t6
Red.Clover,Megachile.rotundata,EARLY.GL.t8,1,EARLY,GL,t8
White.Sweet.Clover,Megachile.rotundata,EARLY.HO.t4,1,EARLY,HO,t4
Yellow.Sweet.Clover,Megachile.rotundata,EARLY.HO.t6,1,EARLY,HO,t6
Red.Clover,Megachile.rotundata,EARLY.HO.t8,1,EARLY,HO,t8
Blue.Vervain,Megachile.rotundata,LATE.HO.t8,1,LATE,HO,t8
Birdsfoot.trefoil,Megachile.rotundata,EARLY.SV.t2,1,EARLY,SV,t2
Alsike.Clover,Megachile.rotundata,EARLY.SV.t6,1,EARLY,SV,t6
Unknown.Mint,Megachile.rotundata,LATE.SV.t8,1,LATE,SV,t8
White.Clover,Megachile.rotundata,EARLY.TR.t4,1,EARLY,TR,t4
Chicory,Megachile.rotundata,EARLY.TR.t6,1,EARLY,TR,t6
White.Sweet.Clover,Megachile.rotundata,EARLY.TR.t6,1,EARLY,TR,t6
Everlasting.Pea,Megachile.sculpturalis,EARLY.BU.t2,1,EARLY,BU,t2
Red.Clover,Megachile.texana,EARLY.CE.t6,1,EARLY,CE,t6
Grey.Headed.Coneflower,Megachile.texana,LATE.TR.t6,1,LATE,TR,t6
Grey.Headed.Coneflower,Melissodes.agilis,LATE.TR.t6,1,LATE,TR,t6
Chicory,Melissodes.bimaculatus,EARLY.CE.t4,1,EARLY,CE,t4
Field.Bindweed,Melissodes.bimaculatus,EARLY.DS.t6,1,EARLY,DS,t6
Chicory,Melissodes.bimaculatus,EARLY.FA.t4,1,EARLY,FA,t4
Chicory,Melissodes.bimaculatus,EARLY.FA.t6,1,EARLY,FA,t6
Red.Clover,Melissodes.bimaculatus,EARLY.TR.t1,1,EARLY,TR,t1
Chicory,Melissodes.bimaculatus,EARLY.TR.t2,1,EARLY,TR,t2
Hollyhocks,Melissodes.bimaculatus,EARLY.TR.t6,9,EARLY,TR,t6
Canadian.Thistle,Melissodes.bimaculatus,EARLY.TR.t8,1,EARLY,TR,t8
Thistle,Melissodes.subillatus,EARLY.DS.t4,1,EARLY,DS,t4
Black.eyed.Susan,Melissodes.subillatus,EARLY.DS.t6,1,EARLY,DS,t6
Grey.Headed.Coneflower,Melissodes.subillatus,EARLY.GL.t6,1,EARLY,GL,t6
Black.eyed.Susan,Melissodes.subillatus,EARLY.SV.t8,2,EARLY,SV,t8
Grey.Headed.Coneflower,Melissodes.subillatus,EARLY.TR.t8,1,EARLY,TR,t8
Daisy.Fleabane,Nomada.pygmaea,EARLY.GL.t4,1,EARLY,GL,t4
Crown.Vetch,Osmia.caerulescens,EARLY.BU.t8,1,EARLY,BU,t8
Crown.Vetch,Osmia.caerulescens,EARLY.CE.t6,1,EARLY,CE,t6
Field.Bindweed,Osmia.caerulescens,EARLY.DS.t6,1,EARLY,DS,t6
Birdsfoot.trefoil,Osmia.caerulescens,EARLY.GL.t8,1,EARLY,GL,t8
Birdsfoot.trefoil,Osmia.caerulescens,EARLY.HO.t2,1,EARLY,HO,t2
White.Clover,Osmia.caerulescens,EARLY.SV.t6,1,EARLY,SV,t6
Red.Clover,Osmia.caerulescens,EARLY.SV.t8,1,EARLY,SV,t8
Red.Clover,Osmia.caerulescens,EARLY.TR.t6,1,EARLY,TR,t6
Lanceleaf.Coreopsis,Osmia.georgica,EARLY.GL.t8,1,EARLY,GL,t8
White.Clover,Osmia.pumila,EARLY.CE.t8,1,EARLY,CE,t8
White.Clover,Osmia.pumila,EARLY.GL.t6,1,EARLY,GL,t6
White.Clover,Osmia.pumila,EARLY.HO.t4,1,EARLY,HO,t4
Chicory,Pseudoanthidiumnanum,EARLY.BU.t8,1,EARLY,BU,t8
Chicory,Pseudoanthidium.nanum,EARLY.SV.t4,1,EARLY,SV,t4
White.Sweet.Clover,Stelis.louisae,EARLY.BU.t8,1,EARLY,BU,t8
Black.eyed.Susan,Triepeolus.lunatus,EARLY.FA.t6,1,EARLY,FA,t6
Chicory,Triepeolus.lunatus,EARLY.GL.t6,2,EARLY,GL,t6
Grey.Headed.Coneflower,Triepeolus.lunatus,LATE.GL.t6,1,LATE,GL,t6
Unknown.Mint,Triepeolus.lunatus,LATE.SV.t8,1,LATE,SV,t8
Everlasting.Pea,Xylocopa.virginica,EARLY.BU.t1,1,EARLY,BU,t1
Everlasting.Pea,Xylocopa.virginica,EARLY.BU.t2,2,EARLY,BU,t2
Chicory,Xylocopa.virginica,LATE.BU.t6,1,LATE,BU,t6
Chicory,Xylocopa.virginica,EARLY.CE.t2,1,EARLY,CE,t2
____.Honey.Suckle,Xylocopa.virginica,EARLY.GL.t4,2,EARLY,GL,t4
Hibiscus,Xylocopa.virginica,LATE.GL.t4,1,LATE,GL,t4
Red.Clover,Xylocopa.virginica,EARLY.GL.t6,1,EARLY,GL,t6
Unknown.Mint,Xylocopa.virginica,LATE.SV.t8,1,LATE,SV,t8
