"","SES_bl","SES_lec_0","SES_lec_1","SES_lec_2","SES_ori_0","SES_ori_1","SES_nest_1","SES_nest_2","SES_nest_3","SES_nest_4","SES_nest_5","SES_soc_1","SES_soc_2","SES_soc_3","SES_soc_4","SES_bsor","SES_bsim","SES_bsne","SES_fbsor","SES_fbsim","SES_fbsne"
"47thStGarden",-2.48410166927225,-0.926188947996614,1.99617382591133,-1.43188191230076,-1.17655975843451,1.17655975843451,0.639322193270309,-0.643252386919941,-0.536461957952366,0.21466151685786,0.369860389843094,1.59280080597779,-1.16334617819492,1.82211375967382,-1.20636859700488,-33.3404715099743,-47.7022998395895,26.392092110344,5.49925271537081,1.04383329521104,3.43130806106166
"BluePike",-1.28987264532301,-2.98618234083531,4.23401276331647,-2.1108598517499,-4.01660380774612,4.01660380774613,-0.497656269833353,-0.469678611188559,2.26410265448138,0.356320863273875,-0.833535611758185,3.27505328199725,-3.15203143095177,4.24451932016859,-3.1677492895886,-42.4061992116724,-57.2669624939538,32.1593222839602,4.63016029367714,2.4793492395103,2.01660149937094
"Buckeye",-2.65465615541558,-2.75361396496071,4.15688976838209,-2.26457142036909,-2.38446056547853,2.38446056547853,-0.487560902368624,-0.633749038144312,0.561708521919644,0.415009025720599,2.02920228198156,2.79256980739304,-2.86205283447481,4.92711887264067,-2.94143975982585,-42.4325768013278,-55.7729694204863,31.6033725626069,3.10471706094316,0.430572625663869,2.63485725630576
"C10",-0.561581060404787,-2.52051871946555,3.67622745432815,-1.95555835757952,-3.20615460844919,3.2061546084492,-1.32614593641853,-0.385390697794126,2.11153885879088,0.271186108515012,1.78113470950813,4.24561475645597,-2.12204585564036,3.20258710440365,-2.73697886907536,-45.4863835538233,-61.864136672932,34.8288384432997,4.50896837837939,0.952302572700438,3.12150947141049
"C11",-0.394592777767487,-2.69255293794512,4.88931194638182,-3.11598369351637,-4.72568848083831,4.72568848083831,-1.68012019067915,0.148420027136478,2.81285212980468,0.247679276962901,0.390278697783085,3.73944077055564,-2.22900939842554,3.45932625097747,-2.8616472854305,-48.7128662384282,-68.2004230562012,39.8460363837347,4.74575114527172,-0.515323828408179,3.57971411145991
"C13",-0.200530315551924,-1.62257353457274,3.55189313066281,-2.46473353396913,-3.01326944677821,3.01326944677822,-2.16182394096125,0.528219238579116,2.13077282101113,0.354453687615441,1.76748329668594,4.04681096230107,-1.98455453154406,1.67893316449715,-1.84618746529941,-45.7340020291181,-61.2213897209251,33.7777962841837,5.21995536156902,1.10413762917369,3.25023981505415
"C5",-3.17786814842667,-3.0078289515636,5.35675222853287,-3.30939403428585,-4.16319388850311,4.16319388850312,-2.43323403324676,1.43720347577321,0.507275719188516,0.868174866638399,2.18804176520765,3.44321971352524,-2.13838332992517,2.88985464814207,-2.89772469770769,-32.7783885189979,-61.5551941864432,43.6680201255055,4.63420843172876,-1.28709791701366,3.59179615821976
"C6",-2.29276801973891,-2.06283423839337,4.06377785241414,-2.781276142962,-3.92226044921192,3.92226044921192,-1.84088754265319,1.05927097315427,-0.430886096904209,0.399144586795739,3.1328063859235,1.85311889008721,-1.90164054185459,3.91743442584833,-2.25801469140654,-37.527724613244,-50.2763557913064,27.5458732571671,3.65587530848515,-1.92451804704449,4.49670224648624
"C69",-2.01673906813903,-3.37509424993266,5.08174018543215,-2.64024116371892,-3.29394267558032,3.29394267558033,-2.1817004646422,1.0419652351205,0.739608329260238,0.0574485650749367,2.6977901975293,3.96092993277095,-0.506256357229454,2.18906520511094,-3.54702584226286,-42.6102835741206,-66.5231961741202,42.3083898557401,3.32360866920332,0.760081672470851,1.75039633367095
"C7",-2.1098178849042,-3.00481552742011,4.92671481477101,-2.95373268872341,-4.83499115397717,4.83499115397717,-2.55812524751864,1.09072006907978,1.54695074307207,1.29374010745681,1.48135745573304,2.7822688788084,-2.36775624193845,5.20345343229141,-3.19246242535114,-40.9755374688063,-63.1955975901892,40.4645111547355,3.91897850797806,-1.35441689364697,3.33157149357289
"C9",-0.0550256363162174,-3.12942656486492,4.64741690174005,-2.39401524413049,-3.14519663200348,3.14519663200346,-3.45304089165904,2.1607522510637,2.25900927348639,0.0084518404720489,1.37018857703432,3.22128650222121,-1.23266464302272,3.08735280318041,-3.37726849197748,-37.1803824843171,-60.5963664483134,40.2900021070222,4.49292659362874,-1.02225097316591,3.44295229945849
"Esperanza",-0.591257534678188,-2.82802933623988,4.05971276098463,-2.11137112037773,-3.58675060086478,3.5867506008648,-2.02355888387978,1.04493825411014,1.51056295729976,0.567425393330538,0.572083461566536,3.12604423316607,-1.55879993356499,3.26176412280566,-2.96131906492332,-52.4289635586544,-68.2143855887546,41.0899027500419,3.03721747142481,0.79681783335464,2.54885763790863
"Fairfax",-0.603636604806793,-2.38537569547977,4.19224007155977,-2.77756963573486,-1.98576859376575,1.98576859376574,-1.44943448693991,-0.34416905702761,2.50721282967335,0.184984266158055,1.49130938187817,3.68163017105749,-2.95648624453508,3.33037632948628,-2.60475656902166,-45.5656978078255,-66.0327403100301,39.3684670739858,5.03318407588237,-0.450799134072611,3.74754024357023
"LonnieBurten",-1.73071849766029,-1.70539595243136,3.55012346483703,-2.552246133238,-2.1726956691044,2.17269566910441,-1.63962698073902,-0.00813515754452095,1.21619100571236,1.65466080483523,1.78076696467939,4.05889370837798,-3.25576705011764,3.10128750799192,-1.93366779546696,-37.8564130066571,-52.6216603577867,30.6062196952916,4.4680957208878,-1.13296167539113,4.22913333232062
"Midtown",-0.213653171850207,-3.21468567007816,4.71077405383551,-2.3920537547824,-2.15173994095921,2.1517399409592,-2.38787964325358,1.11423973865291,2.09572104475609,0.0157134385053827,1.21815842256397,3.03337451448532,-1.83714510971774,3.79679359727667,-3.48424688944833,-35.4220711889922,-59.5036540419614,40.5387349290025,5.07157687087508,-1.53913870777242,4.10425434586098
"SlavicVillage",-0.740468218388716,-2.30404033322672,3.81153765999043,-2.35006984918889,-3.58911008863095,3.58911008863095,-1.98736219127601,0.141830309938753,1.03898764997611,1.37365111850311,2.79830155945048,3.80040431190089,-2.01889179996498,2.82604995027364,-2.5031359546112,-40.6415931243592,-58.5459991418308,35.4745092988685,5.76560033239535,-1.62648286354608,5.07817049579996
"BU1",1.16776433650894,-2.80900505488381,4.91426354684634,-3.17774340118151,-5.18289288948423,5.18289288948422,-5.2756070713582,2.36463640531932,4.30551364237982,1.75787908821519,2.23624522440552,2.89964853453806,-0.936918829872816,2.04505280005438,-2.95355394196927,-50.1521977825713,-64.2361069441871,33.6159798748917,5.25328872381532,0.420636746254647,4.61166466625921
"CE1",-1.3230629099024,-2.18775168454413,3.79367949790467,-2.42590406876175,-4.75693385280474,4.75693385280473,-0.983476171176822,0.941689431429273,1.24572419546172,-0.655439269292926,-0.631899727229083,2.03238576364569,-0.821138390494552,2.88471526753934,-2.3112962337928,-44.76044177763,-60.4863559915442,45.9148879140527,1.99086586642303,-0.469686190903981,2.4368787275687
"DS1",0.29654691213783,-2.09268859298398,3.61576197783813,-2.22385074879369,-1.66937234425238,1.66937234425238,-1.59179389036146,-0.586515777463125,3.94549620288227,-0.630706096889862,1.30722148453492,0.141226875390108,-2.04419017684024,4.19176577413457,-2.22556654132129,-41.6146719357827,-60.5961553698217,51.9675029561536,3.01807213698343,0.269276669995492,2.9296279631996
"FA1",-1.15663641574683,-2.5629871228887,4.54458782467175,-2.75261172397392,-7.33679941018649,7.33679941018648,-4.55579190449381,2.65942648071153,3.80843939654053,0.558077692563813,0.816996429329155,2.46495214695885,-1.09752015277529,3.283778278283,-2.72126421833062,-54.7712491425036,-69.3957648989865,41.2162388482536,5.34015421893159,1.07448389013706,5.2489200605429
"GL1",-1.5598071563623,-1.46591983128628,3.24399651843428,-2.35989915784392,-3.96186059448454,3.96186059448454,-1.32379643812666,1.22552317927634,-0.947236573921812,-0.639052814398617,2.84728430766353,1.13621681315573,-0.29535758655739,0.399745960037673,-1.63608048427274,-35.7258896588144,-51.2138272261507,42.1113898057785,1.23690855251758,1.1529818734539,0.672382734883439
"HO1",-1.41684943577223,-1.76194806261351,3.90630344405702,-2.67302617921776,-3.33608962512509,3.33608962512509,-1.65911947489322,0.692632048786763,0.988701649027762,2.38032965480877,-0.642257134754939,2.81286172935771,-2.21768427503997,2.59144159350661,-1.91668330676234,-50.5051934173478,-65.9764686798266,47.2572233351201,2.77488866077179,2.57201384185605,1.31946032206028
"SV1",-1.60087169542632,-1.89297738020721,4.18869292478995,-3.12402271109126,-1.49391292030469,1.49391292030469,-2.33650957203303,1.13580708216837,1.41571478119893,0.393428007290609,1.82646245751824,2.70989360863175,-2.39476066891475,2.93754136223941,-2.07028510140562,-41.9370024250942,-54.9940565080228,28.5976609214742,4.9890316440789,2.68393993149396,2.13418157252551
"TR1",-0.678908913239224,-2.89380318347324,4.42033361583398,-2.30013561949703,-5.19129929941203,5.19129929941202,-2.87174724326903,1.17725635671734,2.306046950847,0.445492483803546,1.81725446260553,3.38738548460516,-1.3088337911672,2.39830948087146,-3.09552727814492,-55.3810981998142,-72.5634253584587,39.5235127565339,2.79470517477182,-0.327661277220909,2.6599367244314
"BU4",-0.987799939292627,-2.52189343989987,4.34848480172707,-2.71587991725496,-4.16299555877525,4.16299555877524,-4.85473737394212,1.59231915429159,4.9670790496919,2.18019631449593,0.952025688587109,-0.249430345925957,-1.78174397687726,4.71176829036377,-2.68217282340451,-44.9738429771542,-57.2454999724008,34.1632357540085,6.55434611558728,3.83772952919772,4.62974533403985
"CE4",0.919045319596447,-2.44036774583154,4.33135627116541,-2.66305078030457,-4.60094328282954,4.60094328282954,-1.65877266946835,-0.479282802177971,4.13210953848458,0.847345407823717,-0.65073075119908,4.01361299131874,-2.72144307773027,3.81489792741373,-2.5646218599866,-59.1027666913405,-76.6769263534499,53.1013662225375,4.32430159824682,0.207497319301869,4.67463692914199
"DS4",0.636987395665469,-2.69543527985271,3.99275617680977,-2.10198874107738,-7.23791071698919,7.23791071698921,-4.06744244409374,1.91514948419572,2.37914629348422,0.56908114535125,3.58217132240667,2.15082555886087,0.0672649576861949,1.58378148484466,-2.90531179502781,-58.737767477507,-74.9402440705222,39.7709166973403,2.79239867511475,0.061055756585789,2.69290134989601
"FA4",-1.65354007879423,-2.38660734854983,4.14571697180981,-2.7800915741462,-3.19641732425922,3.19641732425922,-2.16496236163981,1.23142280124331,2.1151107113069,0.778841541359867,-0.640296150432743,2.84593705136195,-1.38135616328336,2.48468114238411,-2.54547396498884,-56.2187088343417,-72.9367396918827,52.7504350674233,3.07850769577162,-0.026134878626241,3.47798098386234
"GL4",-1.39927340156939,-1.05591380457475,3.81865151337903,-3.56694204381053,-5.3672350877439,5.36723508774389,-2.2582071814066,1.01556113778887,2.63777339041319,0.240833569989908,0.356877112833999,3.0099483665255,-1.64746559232628,0.753438431369323,-1.30667936301606,-42.5860183809244,-61.8432452808217,37.4737250085273,5.07208904771119,1.51165638328417,2.67766262131792
"HO4",-0.359820014736531,-2.03597589800663,3.94634115909793,-2.79398847090619,-3.93646807220767,3.93646807220766,-3.13113858010766,0.371432325278779,3.92323359150916,2.09544729715506,0.795546221897762,2.35727397414806,-1.95419260796141,3.46647912906523,-2.22321844780617,-54.3351287875551,-68.7733484871173,39.8519625626649,3.81480968084712,3.50209787412562,1.63245850919128
"SV4",-0.904129491176894,-2.36896291715107,4.16752047600302,-2.63279034880889,-5.49855187869238,5.49855187869237,-2.71256992270063,1.42591269663325,2.42025900789523,0.464653128877208,0.576140926156884,1.18823731950535,-0.857884889042068,3.2159720016173,-2.54303136173019,-51.9212476547066,-67.0734105756263,37.672179532388,3.28062185962502,-2.34464792224764,5.40361285414903
"TR4",-0.914183798080063,-2.36377790910518,3.91022766931211,-2.19206142868239,-6.27256286552609,6.27256286552609,-3.44319382930694,1.77033847268701,2.82643411749076,0.790696238177609,0.939344655098914,0.773541401041469,-1.04275117195731,2.27839740311642,-2.49904109181763,-52.999933896681,-67.4354451594835,42.0742827363277,1.40006654441837,-0.654240852302749,2.01307395491772
"BU6",-0.964188269207007,-2.7053864594812,4.31912690307323,-2.5201682349811,-7.563525561159,7.563525561159,-4.47743701692811,2.69647293996032,1.6161567505637,0.586317937617831,3.77377400507556,1.28844747146573,0.354604426096381,1.81207284053421,-2.84314463971272,-51.4865174056458,-65.9579019399102,37.8531162655281,2.06874349754674,-0.631258586964553,2.74349022395359
"CE6",-1.33126800354892,-2.73308930109958,4.70330718954575,-2.94314384884216,-7.52937060412839,7.52937060412838,-2.90361409100941,2.6066708895918,2.72609071504938,-0.798875442009933,-0.731626194152845,2.21927272777021,-0.966701809611463,3.06037383483341,-2.8954774701393,-58.6279765632489,-74.6241282672677,41.8391574542201,3.98516886529866,0.651743890902377,4.02228116409826
"DS6",-0.137839836134932,-2.26282977030634,3.51033066537032,-1.96718214181823,-2.42019233727769,2.42019233727769,-1.97282895321105,-0.317261005478296,3.26510252934556,0.888279927192431,1.13365591569052,0.905155516945355,-1.51324102322664,2.78122507363961,-2.39735411677009,-46.335328662908,-60.4277653210038,40.3824186257858,1.31164697860996,0.100633480275193,1.35229113731467
"FA6",-0.572616235772315,-2.5980633747705,4.89244840256112,-3.30440469744302,-7.20279784599727,7.20279784599727,-4.56943479249789,3.27727163979399,2.96228837972978,0.388122744837351,0.56833008191576,1.84558613313098,-1.19112467359793,2.36665690673938,-2.31721180608566,-53.7781647796039,-71.8695626065393,41.3513607063984,3.6863685776061,0.154289875996761,2.98283336293375
"GL6",-0.545887047025314,-2.31450343404539,4.25168190280785,-2.64623147222455,-5.26716728173987,5.26716728173986,-4.39548362003365,1.95867927720312,3.51470848858375,0.176484755611709,2.90783559295878,2.23886028911955,-1.65361102528305,3.74371837720454,-2.51792824019085,-44.0656885064011,-63.6219084616211,39.1230759431837,4.49588930463052,-0.868559558485077,3.71668247395528
"HO6",-2.85168501302219,-2.19394734047071,4.50743212736681,-3.0856088770736,-3.71352704254213,3.71352704254214,-2.90162537143803,2.07178872562943,2.58819856964665,0.478522282122585,-0.756039270179536,2.08669633916729,-1.45919460707616,2.15119320220119,-1.90667253392353,-53.5182383328679,-68.9254901704773,40.0212048762206,3.48061141930457,1.26151898885728,2.75223784700694
"SV6",-1.55203031235932,-2.19128220381094,3.79743530298033,-2.36004817104414,-6.12914862577938,6.12914862577939,-2.50451569716233,1.91817073485598,1.45596459541408,1.10413729749085,-0.595224256714588,1.16546037119597,-1.27791217522834,3.13228784293234,-2.29396578905988,-40.4080943467303,-56.4838049876208,45.4912622708947,2.68183545660859,0.0336296318537078,2.63627443747714
"TR6",-0.607151176733714,-3.20689215819315,4.78957087757979,-2.67410102634147,-7.09439802658975,7.09439802658975,-4.03457884275134,2.56913795115196,2.72177922953179,0.281510526224196,1.71800065745103,2.43668745297469,-0.690673324126027,2.53250655205829,-3.36903394951582,-51.8680330439503,-72.5277021488286,44.1031356256377,3.2870361554849,0.372901666640596,2.24680205055616
"BU8",-2.44682993726966,-2.24651698692401,3.96732847083536,-2.51995570294423,-5.90683873665559,5.90683873665558,-4.68231100114648,3.98785609256363,1.21380270024939,0.917207990812603,1.14839793811836,3.08833438861918,-0.366106768752092,0.208904387749509,-1.8010505084804,-44.5415142144585,-59.4839421636827,43.8726762541396,2.85739952540422,0.487541605892519,2.75798792115721
"CE8",-0.96346214113648,-2.5215836154119,4.32234957030483,-2.68755502063196,-3.11703571945884,3.11703571945883,-3.50484658515394,1.6697820373442,2.95323441894386,0.674964617145063,0.930415459081874,1.67137493937669,-0.877101724104884,2.90759615232287,-2.71256590475391,-54.0191973479704,-68.9481069369811,42.6373721780553,5.9792236015336,1.70668537332751,5.57166923870015
"DS8",0.851373679348733,-1.90326035421211,3.34740851274358,-2.19428621767719,-5.43981605478532,5.43981605478533,-2.91570767270829,0.209734426693944,5.39486197937232,1.16502338087287,-0.603531057319921,2.42025613613236,-2.2923253308263,3.52115374900378,-2.04937039425667,-48.5103834651432,-71.6269944457655,60.2867169090425,2.93841086000332,-1.09595733999595,3.38155317162952
"FA8",0.677460150813078,-2.24567804075917,4.10431885957126,-2.57864921217801,-3.35247980792473,3.35247980792473,-4.05087157990807,0.239509548733818,5.49977896408544,3.95780933815154,-0.626342438253351,4.94983093958517,-3.05642225147323,3.525690583956,-2.38452419534921,-48.1417252089104,-63.4882570893959,44.9629428064659,2.9275799952692,-0.435524982013762,3.45469155334129
"GL8",-0.893060186290363,-1.93874383568368,4.17415316354145,-3.12089508248939,-3.44202608827538,3.44202608827537,-3.24591609823352,0.876811150029558,4.39183089813429,1.80767879468611,-0.790343574412396,2.00129675017832,-2.43261522750183,3.85708161585055,-2.15754300320151,-55.0886141104276,-70.9463624636113,38.7713351361545,3.8536501641244,1.8135307027143,2.48299870565958
"HO8",0.0784196608742449,-1.96675753853005,3.54238793940164,-2.27065863852265,-7.5862186860325,7.5862186860325,-2.73830187327896,1.35806865167543,2.69566923062617,1.05949807454796,-0.583257362872998,3.32321438652773,-1.0028050431975,1.99070222749556,-2.12513202979963,-51.7044082689227,-74.2441727467698,63.1355147530066,2.57670865323895,-0.0749932429725279,2.60798263408891
"SV8",1.03017109343768,-2.15517889484445,3.83543736293773,-2.43513711396335,-2.85600523563391,2.85600523563391,-2.07533906295098,-0.455962921885571,4.40276200651151,0.517004940249967,0.669561044356084,3.09062625718163,-2.60929066119354,3.92764803566059,-2.35094820981155,-59.1119546812676,-75.2662148560577,41.593264988927,3.20430602918632,0.0480495656731277,3.3716247354436
"TR8",-0.0752239253538162,-1.91628680725573,3.43223231230229,-2.19104220447554,-7.35548165134983,7.35548165134981,-3.85556604896406,2.71292517670172,3.69230187415286,-0.721487746004384,-0.720962708035203,0.71561620804298,-0.0178814010511053,1.62502699844905,-2.07044893185115,-48.5509188811546,-61.4595927068194,36.75021529179,1.9764054523647,-2.46837807244423,4.09035386263438
"T1-C",-0.0278200716720348,-1.19149287645316,2.18831532157015,-1.41955280225565,0.532946354993691,-0.532946354993691,0.544581224331634,-1.16225901488933,1.3572122432077,-0.375325898614912,-0.330680750749491,3.10864465091072,-2.01830559031244,2.60046242101925,-1.25263937593295,-9.45186297801448,-31.9003666842061,30.0734518935054,1.14121593033253,-0.774719491626517,1.39493455511795
"T1-D",0.773479686625698,-1.88758725496833,3.21577700208376,-2.01212037270045,-3.4770645499813,3.4770645499813,-2.95525580081724,-0.184208486342452,4.46517877975739,1.30344574005529,1.50940780618451,2.84371505019671,-1.82911361978716,3.26922775215171,-1.99710322738859,-42.0609014412961,-67.7421987134903,58.9567022618092,1.67757449252474,-0.730128570151644,1.90154578940177
"T1-F",-0.0731192048752087,-1.76769513735562,3.69105992072841,-2.6079025986351,-4.5854505324277,4.5854505324277,-4.15183101767665,1.9031451288944,4.15130202937493,0.848605889286809,1.02193343532757,3.78261071435069,-2.23840053847151,3.18430808180267,-1.92217029314097,-44.4174723035394,-58.1748181440584,40.2849187249543,3.07485680290248,2.99442974233604,1.43204143146605
"T1-G",0.693146932310922,-2.16801382768384,3.83324843315392,-2.34968493090389,-3.74014975681518,3.74014975681519,-3.94662312410248,1.75542771365651,3.78280440171609,0.898893757704039,1.17870145950779,3.18934941481356,-1.5038275048202,2.3624443585076,-2.30867889163712,-44.0839798637855,-60.5921509456128,48.2901116017168,2.04387334690436,-0.0597148647758791,2.16021583067025
"T1-H",0.0259110560433282,-1.16617278550995,1.94175246377947,-1.21889997875389,-6.35091362055384,6.35091362055384,-1.75894672378712,1.39462230832288,1.62827548119113,-0.339866531537395,-0.322419921508753,3.65332631086373,-0.737242197082066,0.296070696323918,-1.22085916208513,-10.161658494177,-38.8593118080024,36.7859083997307,0.585010156019658,0.30616413500884,0.296133864912601
"T1-SV",-1.36661150852708,-1.49613350882582,1.84329431220936,-0.784612580604929,-1.0539515345437,1.0539515345437,0.134437862422606,-1.3972664586334,1.07240701812626,1.99026295993468,-0.389281012488532,3.9557987810517,-2.56616878453568,1.93013739036461,-1.58437010931077,-20.7218902442903,-48.9654404289846,44.6803493313698,1.06995063577783,2.35297119138529,-0.076072872886357
"T1-TM",1.42530802698888,-1.59804262982347,2.86290675855901,-1.81371043808746,-2.34640003425283,2.34640003425283,-0.975283514635422,-0.668192327577414,3.8972037563954,-0.467436210915459,-0.487631879946944,1.87596759727227,-2.42734084351471,4.11101035838638,-1.70986698334531,-32.6545391402157,-62.9822222315187,56.7641943273563,1.64824555558103,-0.520620695361588,1.71514322934598
"T6-SV",-0.753640597542356,-1.62422668893344,2.09812522441101,-0.987379297056242,-7.0750491504275,7.0750491504275,-2.38870126523972,2.66078815789102,0.781715863207433,-0.47914885045043,-0.462154617046588,-0.773569164402688,0.891636106030829,1.51398393327729,-1.70931613615697,-24.7479566010088,-48.8181085078951,43.3813769697263,-0.658859498227219,-0.598149189388899,-0.33623999663824
"T6-TM",0.436171914563306,-2.37142728738745,3.17827618042514,-1.55632463787616,-6.00644697658444,6.00644697658444,-2.87028031986516,2.04315092019268,2.27588265342587,-0.694907951023467,1.05690427813993,1.80141045215604,-0.142313075508978,2.05482554232559,-2.52049571512007,-46.4383034607554,-61.3776129931297,43.6845708312413,1.61531819889872,0.615187634934444,1.32074041873456
"T7-H",1.88531615020497,-1.5701465134929,2.15973848873016,-1.0465924220195,-0.887058397764796,0.887058397764797,-0.234066230881719,-0.65660636015967,2.3614395482711,-0.498298820220267,-0.445516982638602,0.619640375967197,-0.441576178159195,1.46332768970959,-1.69400837374263,-14.8348528859325,-31.5997383652902,28.6084715965871,1.3571788796703,3.32495161313798,-0.237407242740027
"T7-SV",-1.55638972314759,-0.679539127717566,2.01296319169839,-1.68247654048652,-0.998086797482503,0.998086797482502,0.234947344949063,-0.464879541737327,-0.68449444961045,-0.458427621142605,2.20168928394829,2.27815826350294,-2.05433037975234,2.52137898344704,-0.810819436418138,-16.9349548980342,-37.5410250532319,34.0052554385858,0.70227610821082,2.45744128248731,-0.391274294277572
"T8-BE",-1.56108572328923,-1.22434537105772,2.84186006185397,-2.12259279138574,-3.05083272935352,3.05083272935353,-2.08683563126588,1.79677460098743,-0.846658087781241,1.41095608526356,1.46062779638575,4.95424443362734,-1.04302142100468,-0.810419379284941,-1.36457193545165,-33.3306597646473,-52.6218502852811,46.0458717315954,0.669301570663971,0.999928488480301,0.169574742931216
"T8-C",0.804528816494542,-1.51869905488181,2.65881905282671,-1.64490476232829,-1.05646646138442,1.05646646138442,-0.466045078411683,-1.41164783284617,2.71098879458682,-0.465861276706223,2.33432243369848,3.74178460384274,-3.51411852564642,4.41123831236041,-1.58974119625508,-26.8559178525391,-56.700164231709,51.5995268072818,2.04183642949738,-0.665063682798668,2.10653691622775
"T8-D",1.72423155062409,-1.97348301166941,2.70070045726811,-1.2770518981395,-2.05156407167153,2.05156407167153,-2.72051593329712,-0.109003480949716,4.04012796001492,0.700756420628413,2.21670279172867,3.4192462235511,-1.32767905738967,1.67274095562695,-2.1268514200337,-51.4666140654475,-66.2895552038006,43.0629194751857,3.09101787531413,1.10674094024345,2.64406159571221
"T8-F",-0.509484959849852,-2.44113157613618,3.62440976129249,-1.82958050568923,-4.20758369766713,4.20758369766712,-3.53395915965738,1.4605001862326,3.84903840673317,0.6312863943806,0.792627996386869,1.50247440314009,-1.50872932688236,4.65341198088311,-2.64830163728242,-52.9440246438057,-68.1526706430748,43.6633216272959,2.16317427256968,0.429605313262015,2.087487350719
"T8-G",1.18010719305602,-2.79875525270193,4.33662892967341,-2.26864464239035,-6.28385205207104,6.28385205207105,-3.47274041234486,1.77607557495454,2.34586579810227,0.457429563055753,1.88759425935023,2.79984764632732,-0.724851833067161,1.92443509098474,-2.50602509546048,-45.3764554814576,-60.6482840744127,37.5138876817855,3.49029271676486,1.18150325319284,2.35713893935595
